Sentiment,Median_PnL,Win_Rate_%,Trade_Count
Fear,0.0,35.25774496813679,15849
Greed,0.0,33.75,2240
Extreme Greed,0.0,27.781665500349895,1429
